{
    "measurements": {
        "wall_lengths": {
            "wall_1": 13.0,
            "wall_2": 14.0,
            "wall_3": 169.0,
            "wall_4": 112.0,
            "wall_5": 21.0,
            "wall_6": 144.0,
            "wall_7": 43.0,
            "wall_8": 356.0,
            "wall_9": 356.0,
            "wall_10": 1235.0,
            "wall_11": 198.0,
            "wall_12": 391.0,
            "wall_13": 335.0,
            "wall_14": 53.0,
            "wall_15": 141.0,
            "wall_16": 155.0,
            "wall_17": 68.0,
            "wall_18": 194.0,
            "wall_19": 104.0,
            "wall_20": 104.0,
            "wall_21": 143.0,
            "wall_22": 143.0,
            "wall_23": 68.0,
            "wall_24": 43.0,
            "wall_25": 43.0,
            "wall_26": 129.0,
            "wall_27": 194.0,
            "wall_28": 68.0,
            "wall_29": 397.0,
            "wall_30": 983.0,
            "wall_31": 71.0,
            "wall_32": 423.0
        },
        "effective_wall_lengths": {
            "wall_1": 13.0,
            "wall_2": 14.0,
            "wall_3": 169.0,
            "wall_4": 112.0,
            "wall_5": 21.0,
            "wall_6": 144.0,
            "wall_7": 43.0,
            "wall_8": 190.0,
            "wall_9": 76.0,
            "wall_10": 1235.0,
            "wall_11": 198.0,
            "wall_12": 391.0,
            "wall_13": 230.0,
            "wall_14": 53.0,
            "wall_15": 141.0,
            "wall_16": 155.0,
            "wall_17": 68.0,
            "wall_18": 97.0,
            "wall_19": 104.0,
            "wall_20": 30.0,
            "wall_21": 143.0,
            "wall_22": 113.0,
            "wall_23": 68.0,
            "wall_24": 43.0,
            "wall_25": 43.0,
            "wall_26": 129.0,
            "wall_27": 194.0,
            "wall_28": 68.0,
            "wall_29": 154.0,
            "wall_30": 446.0,
            "wall_31": 71.0,
            "wall_32": 291.0
        },
        "openings_by_wall": {
            "30": 537.0,
            "29": 243.0,
            "8": 166.0,
            "32": 132.0,
            "22": 30.0,
            "13": 105.0,
            "9": 280.0,
            "18": 97.0,
            "20": 74.0
        },
        "total_walls": 32,
        "total_doors": 14,
        "total_windows": 0,
        "total_rooms": 9
    },
    "surface_areas": {
        "rooms": {
            "Room 1": {
                "floor_area_m2": 1.17,
                "ceiling_area_m2": 1.17,
                "wall_area_m2": 10.66,
                "perimeter_m": 4.44,
                "room_polygon": [
                    [
                        642,
                        945
                    ],
                    [
                        642,
                        988
                    ],
                    [
                        710,
                        988
                    ],
                    [
                        710,
                        945
                    ]
                ]
            },
            "Room 2": {
                "floor_area_m2": 2.83,
                "ceiling_area_m2": 2.83,
                "wall_area_m2": 16.51,
                "perimeter_m": 6.88,
                "room_polygon": [
                    [
                        642,
                        841
                    ],
                    [
                        642,
                        945
                    ],
                    [
                        710,
                        945
                    ],
                    [
                        710,
                        841
                    ]
                ]
            },
            "Room 3": {
                "floor_area_m2": 11.1,
                "ceiling_area_m2": 11.1,
                "wall_area_m2": 32.35,
                "perimeter_m": 13.48,
                "room_polygon": [
                    [
                        1033,
                        845
                    ],
                    [
                        1033,
                        845
                    ],
                    [
                        1033,
                        845
                    ],
                    [
                        839,
                        845
                    ],
                    [
                        839,
                        988
                    ],
                    [
                        1033,
                        988
                    ]
                ]
            },
            "Room 4": {
                "floor_area_m2": 60.29,
                "ceiling_area_m2": 60.29,
                "wall_area_m2": 103.78,
                "perimeter_m": 43.24,
                "room_polygon": [
                    [
                        1033,
                        506
                    ],
                    [
                        642,
                        506
                    ],
                    [
                        642,
                        841
                    ],
                    [
                        710,
                        841
                    ],
                    [
                        710,
                        841
                    ],
                    [
                        710,
                        841
                    ],
                    [
                        710,
                        945
                    ],
                    [
                        710,
                        945
                    ],
                    [
                        710,
                        988
                    ],
                    [
                        839,
                        988
                    ],
                    [
                        839,
                        845
                    ],
                    [
                        1033,
                        845
                    ],
                    [
                        1033,
                        845
                    ],
                    [
                        1033,
                        704
                    ],
                    [
                        1033,
                        704
                    ],
                    [
                        1033,
                        704
                    ],
                    [
                        878,
                        704
                    ],
                    [
                        878,
                        704
                    ],
                    [
                        878,
                        651
                    ],
                    [
                        878,
                        651
                    ],
                    [
                        878,
                        651
                    ],
                    [
                        878,
                        651
                    ],
                    [
                        878,
                        704
                    ],
                    [
                        1033,
                        704
                    ],
                    [
                        1033,
                        506
                    ]
                ]
            },
            "Room 5": {
                "floor_area_m2": 55.68,
                "ceiling_area_m2": 55.68,
                "wall_area_m2": 71.71,
                "perimeter_m": 29.88,
                "room_polygon": [
                    [
                        642,
                        150
                    ],
                    [
                        642,
                        150
                    ],
                    [
                        642,
                        150
                    ],
                    [
                        642,
                        506
                    ],
                    [
                        1033,
                        506
                    ],
                    [
                        1033,
                        506
                    ],
                    [
                        1033,
                        150
                    ],
                    [
                        1033,
                        150
                    ],
                    [
                        1033,
                        150
                    ],
                    [
                        846,
                        150
                    ],
                    [
                        775,
                        150
                    ],
                    [
                        754,
                        150
                    ],
                    [
                        754,
                        150
                    ]
                ]
            },
            "Room 8": {
                "floor_area_m2": 276.49,
                "ceiling_area_m2": 276.49,
                "wall_area_m2": 226.7,
                "perimeter_m": 94.46,
                "room_polygon": [
                    [
                        50,
                        150
                    ],
                    [
                        50,
                        1385
                    ],
                    [
                        50,
                        1385
                    ],
                    [
                        50,
                        1385
                    ],
                    [
                        50,
                        1385
                    ],
                    [
                        642,
                        988
                    ],
                    [
                        1033,
                        1385
                    ],
                    [
                        1033,
                        988
                    ],
                    [
                        642,
                        988
                    ],
                    [
                        642,
                        988
                    ],
                    [
                        642,
                        988
                    ],
                    [
                        642,
                        506
                    ],
                    [
                        642,
                        506
                    ],
                    [
                        642,
                        150
                    ],
                    [
                        642,
                        150
                    ],
                    [
                        642,
                        150
                    ],
                    [
                        473,
                        150
                    ],
                    [
                        473,
                        150
                    ],
                    [
                        473,
                        150
                    ],
                    [
                        473,
                        150
                    ],
                    [
                        473,
                        150
                    ],
                    [
                        473,
                        150
                    ],
                    [
                        473,
                        150
                    ],
                    [
                        473,
                        150
                    ],
                    [
                        473,
                        150
                    ],
                    [
                        50,
                        150
                    ]
                ]
            },
            "Room 9": {
                "floor_area_m2": 0.0,
                "ceiling_area_m2": 0.0,
                "wall_area_m2": 4.13,
                "perimeter_m": 1.72,
                "room_polygon": [
                    [
                        846,
                        150
                    ],
                    [
                        889,
                        150
                    ],
                    [
                        846,
                        150
                    ]
                ]
            }
        },
        "totals": {
            "total_floor_area_m2": 407.56,
            "total_ceiling_area_m2": 407.56,
            "total_wall_area_m2": 465.84,
            "total_rooms": 7
        },
        "scale_factor": 0.02,
        "constants": {
            "wall_height_m": 2.4,
            "ceiling_height_m": 2.4
        }
    },
    "timestamp": "2025-06-16T12:48:18.786085"
}